{
  "BAT": {
    "timestamp": 1760057166.5584676,
    "maturity_data": "ENTER_SHORT",
    "last_verified": 1760057166.5584679
  },
  "BIO": {
    "timestamp": 1760057173.9474196,
    "maturity_data": "ENTER_LONG",
    "last_verified": 1760057173.94742
  },
  "FLR": {
    "timestamp": 1760057225.1989658,
    "maturity_data": "ENTER_LONG",
    "last_verified": 1760057225.198966
  },
  "KAIA": {
    "timestamp": 1760057259.2180064,
    "maturity_data": "ENTER_LONG",
    "last_verified": 1760057259.2180066
  }
}