{
  "1000000CHEEMS": {
    "timestamp": 1760031101.5973136,
    "maturity_data": "ENTER_SHORT",
    "last_verified": 1760031198.6525853
  },
  "ALICE": {
    "timestamp": 1760031152.661524,
    "maturity_data": "ENTER_SHORT",
    "last_verified": 1760031248.4286845
  },
  "BIO": {
    "timestamp": 1760031300.314919,
    "maturity_data": "ENTER_LONG",
    "last_verified": 1760031300.3149192
  },
  "FLR": {
    "timestamp": 1760031399.9554596,
    "maturity_data": "ENTER_LONG",
    "last_verified": 1760031399.9554598
  },
  "KAIA": {
    "timestamp": 1760031465.6086955,
    "maturity_data": "ENTER_LONG",
    "last_verified": 1760031465.6086957
  }
}