{
  "1000000CHEEMS": {
    "timestamp": 1760042203.2009628,
    "maturity_data": "ENTER_SHORT",
    "last_verified": 1760042203.2009628
  },
  "BAT": {
    "timestamp": 1760042337.7807262,
    "maturity_data": "ENTER_SHORT",
    "last_verified": 1760042337.7807262
  },
  "BIO": {
    "timestamp": 1760042359.633827,
    "maturity_data": "ENTER_LONG",
    "last_verified": 1760042359.6338272
  },
  "FLR": {
    "timestamp": 1760042514.9659529,
    "maturity_data": "ENTER_LONG",
    "last_verified": 1760042514.965953
  },
  "KAIA": {
    "timestamp": 1760042615.6772685,
    "maturity_data": "ENTER_LONG",
    "last_verified": 1760042615.6772687
  }
}